"date","Avg Air Temp (˚F)","Max Air Temp (˚F)","Min Air Temp (˚F)","Total Precipitation","Relative Humidity (hrs >= 90)","Avg Wind Speed (mph)"
"05/01/2025","57.0","78","36","0","4","8.7"
"05/02/2025","65.0","73","57","0.55","14","10.1"
"05/03/2025","51.5","57","46","0.34","24","5.1"
"05/04/2025","50.5","56","45","0.3","24","3.9"
"05/05/2025","61.5","69","54","0.16","17","5.7"
"05/06/2025","62.0","72","51.9","1.65","18","8.1"
"05/07/2025","59.5","68","50.9","0.21","16","6.5"
"05/08/2025","48.5","54","43","0","24","7.6"
"05/09/2025","42.5","45","40","0.24","24","8.3"
"05/10/2025","53.0","67","39","0.01","11","8.4"
"05/11/2025","48.5","58","39","0","10","7.5"
"05/12/2025","59.0","81","37","0","6","7"
"05/13/2025","62.5","70","55","0.1","7","7.6"
"05/14/2025","62.0","64","60","0","15","10.5"
"05/15/2025","67.5","76","59","0","13","6.5"
"05/16/2025","70.5","81","60","0.13","14","7.2"
"05/17/2025","66.0","77","55","0.16","14","9.6"
"05/18/2025","54.0","58","50","0.03","13","11.7"
"05/19/2025","45.5","51","40","0","13","10.8"
"05/20/2025","45.0","55","35","0","12","7"
"05/21/2025","46.0","51","41","0.41","21","8.7"
"05/22/2025","47.5","51","44","0.17","24","10.2"
"05/23/2025","49.0","52","46","0.22","17","7.3"
"05/24/2025","47.5","50","45","0.48","24","8.8"
"05/25/2025","51.0","59","43","0.08","16","7.6"
"05/26/2025","52.0","67","37","0","11","4.1"
"05/27/2025","58.0","72","44","0","11","4.4"
"05/28/2025","54.5","63","46","0.4","18","7.3"
"05/29/2025","60.5","68","53","0.09","15","4.9"
"05/30/2025","62.5","72","53","0","12","5"
"05/31/2025","52.0","58","46","0.18","23","10.4"
"06/01/2025","50.5","56","45","0.06","13","8.1"
"06/02/2025","54.0","68","40","0.01","10","4.5"
"06/03/2025","61.5","79","44","0","7","5.6"
"06/04/2025","74.0","88","60","0","0","8.7"
"06/05/2025","75.0","85","65","0.52","8","5.8"
"06/06/2025","67.0","72","62","0.34","24","2.2"
"06/07/2025","65.5","75","56","0.33","16","6.8"
"06/08/2025","63.5","77","50","0.04","13","4.4"
"06/09/2025","69.0","78","60","0.57","15","9.7"
"06/10/2025","63.0","73","53","0.22","12","7.3"
"06/11/2025","64.5","80","49","0","7","6.1"
"06/12/2025","63.5","73","54","0","2","8"
"06/13/2025","62.0","73","51","0","7","3.9"
"06/14/2025","60.5","65","56","0","20","3.1"
"06/15/2025","65.0","69","61","0","18","3.6"
"06/16/2025","64.0","69","59","0.01","14","7.5"
"06/17/2025","68.0","74","62","0","16","8.7"
"06/18/2025","76.5","85","68","0.24","18","5.5"
"06/19/2025","73.5","84","63","0.14","13","11.5"
"06/20/2025","68.0","77","59","0","13","10.6"
"06/21/2025","71.0","85","57","0","8","4.8"
"06/22/2025","79.0","88","70","0.37","10","5.7"
"06/23/2025","80.0","93","67","0","12","4.6"
"06/24/2025","80.0","94","66","0","9","5.8"
"06/25/2025","76.5","85","68","0","10","5"
"06/26/2025","68.0","72","64","0.04","19","5.1"
"06/27/2025","63.0","67","59","0.07","22","11.3"
"06/28/2025","74.0","86","62","0.02","14","10.5"
"06/29/2025","67.5","78","57","0","10","4.2"
"06/30/2025","72.5","87","58","0.04","11","6.7"
"07/01/2025","74.5","84","65","0","14","7.8"
"07/02/2025","70.0","81","59","0","11","5.2"
"07/03/2025","65.5","76","55","0.33","12","5.3"
"07/04/2025","62.5","74","51","0","10","5.1"
"07/05/2025","70.0","87","53","0","8","5.4"
"07/06/2025","80.5","90","71","0","0","8.9"
"07/07/2025","80.0","90","70","0.73","10","8.6"
"07/08/2025","71.0","76","66","0","21","4.8"
"07/09/2025","70.5","80","61","0","13","2.2"
"07/10/2025","72.0","81","63","0","12","3.2"
"07/11/2025","74.5","86","63","0","12","4.2"
"07/12/2025","79.0","90","68","0.02","11","6.3"
"07/13/2025","78.0","85","71","0.37","16","8.4"
"07/14/2025","75.0","82","68","0.02","15","4.2"
"07/15/2025","75.0","85","65","0","14","2.8"
"07/16/2025","77.0","89","65","0.05","10","6.9"
"07/17/2025","78.3","86","70.5","0","11","12"
"07/18/2025","62.5","72","53","0.01","10","7.9"
"07/19/2025","68.0","83","53","0","10","6.8"
"07/20/2025","71.0","80","62","0","15","6.6"
"07/21/2025","60.5","70","51","0","10","7.8"
"07/22/2025","61.5","75","48","0","9","3.7"
"07/23/2025","67.5","83","52","0","7","6.2"
"07/24/2025","79.0","91","67","0","8","8.5"
"07/25/2025","74.0","81","67","0.41","11","5.9"
"07/26/2025","73.5","85","62","0.04","15","5.7"
"07/27/2025","76.0","84","68","0.28","16","6.3"
"07/28/2025","76.5","88","65","0","15","2.5"
"07/29/2025","77.0","88","66","0","12","3.9"
"07/30/2025","75.5","87","64","0","11","3.8"
"07/31/2025","64.0","69","59","0.62","24","4.2"
"08/01/2025","61.0","72","50","0","11","4.9"
"08/02/2025","59.0","73","45","0","12","4.7"
"08/03/2025","65.0","80","50","0","12","4.5"
"08/04/2025","67.5","80","55","0","12","4.3"
"08/05/2025","71.0","85","57","0","11","4"
"08/06/2025","70.0","80","60","0","10","6.3"
"08/07/2025","70.0","82","58","0","12","4.8"
"08/08/2025","73.0","84","62","0","8","6.1"
"08/09/2025","71.5","86","57","0","8","5.8"
"08/10/2025","74.0","89","59","0","6","6.6"
"08/11/2025","72.5","90","55","0","4","6.3"
"08/12/2025","78.0","93","63","0","4","4.6"
"08/13/2025","75.5","84","67","0.06","11","3.8"
"08/14/2025","72.0","84","60","0","14","5.3"
"08/15/2025","70.0","85","55","0","9","3.9"
"08/16/2025","74.0","88","60","0","7","4.9"
"08/17/2025","72.5","83","62","0","15","6.9"
"08/18/2025","61.0","74","48","0","12","4.3"
"08/19/2025","64.5","80","49","0","7","8.3"
"08/20/2025","62.0","67","57","1.07","22","9.4"
"08/21/2025","63.5","70","57","0","17","5.7"
"08/22/2025","64.6","77.1","52.1","0","12","3"
"08/23/2025","69.7","81","58.3","0","1","10.1"
"08/24/2025","72.5","81","64","0.56","9","8.6"
"08/25/2025","61.5","68","55","0.06","11","5.8"
"08/26/2025","59.0","72","46","0.01","12","4.8"
"08/27/2025","58.1","66","50.2","0.12","16","6.3"
"08/28/2025","58.0","73","43","0.09","11","7.1"
"08/29/2025","56.6","64","49.2","0.14","16","7.7"
"08/30/2025","54.5","66","43","0","9","5"
"08/31/2025","56.5","72","41","0","11","3.3"
"09/01/2025","60.5","75","46","0","11","3"
"09/02/2025","62.5","77","48","0","8","4.4"
"09/03/2025","63.5","79","48","0","3","7.2"
"09/04/2025","67.4","77","57.8","0.49","7","9.5"
"09/05/2025","61.5","77","46","0","11","9.2"
"09/06/2025","61.5","66","57","0.19","20","3.9"
"09/07/2025","54.0","64","44","0","13","4.6"
"09/08/2025","52.0","65","39","0","14","4.2"
"09/09/2025","57.5","73","42","0","11","4.5"
"09/10/2025","59.0","73","45","0","10","4.9"
"09/11/2025","60.5","75","46","0","12","5.5"
"09/12/2025","61.0","75","47","0","13","3.2"
"09/13/2025","63.0","73","53","0","13","2.4"
"09/14/2025","64.5","75","54","0","11","3.8"
"09/15/2025","60.5","75","46","0","16","2.4"
"09/16/2025","64.9","79","50.8","0","10","2.9"
"09/17/2025","64.3","75","53.5","0","7","4"
"09/18/2025","63.5","79","48","0","9","4.5"
"09/19/2025","58.0","70","46","0","8","6"
"09/20/2025","55.5","72","39","0","9","3.7"
"09/21/2025","61.7","73","50.4","0","3","10.5"
"09/22/2025","68.3","77","59.5","0","3","9.4"
"09/23/2025","66.5","70","63","0.34","20","2.6"
"09/24/2025","66.0","73","59","0.09","19","3.1"
"09/25/2025","65.5","70","61","0.76","24","5"
"09/26/2025","64.7","73","56.3","0.01","18","4.7"
"09/27/2025","63.5","75","52","0","14","4.5"
"09/28/2025","66.2","81","51.4","0","12","5.8"
"09/29/2025","60.5","75","45.9","0","13","2.2"
"09/30/2025","59.9","73","46.8","0","10","5.1"
"10/01/2025","49.0","64","34","0","9","6.1"
"10/02/2025","53.0","70","36","0","7","5.9"
"10/03/2025","62.9","76","49.8","0","2","5.9"
"10/04/2025","64.0","80","48","0","9","5.2"
"10/05/2025","67.5","83","52","0","10","6.8"
"10/06/2025","66.0","83","49","0","5","6.5"
"10/07/2025","66.0","69","63","0.24","10","8.7"
"10/08/2025","54.5","62","47","0.8","15","8.8"
"10/09/2025","39.5","50","29","0","9","5.7"
"10/10/2025","44.0","62","26","0","9","9.9"
"10/11/2025","53.5","62","45","0.06","8","6.5"
"10/12/2025","59.0","68","50","0.28","11","7"
"10/13/2025","51.5","54","49","0.28","19","4.2"
"10/14/2025","49.0","56","42","0.01","24","4"
"10/15/2025","43.5","54","33","0","12","6.9"
"10/16/2025","41.0","52","30","0","11","8.1"
"10/17/2025","40.0","54","26","0","15","4.4"
"10/18/2025","54.0","67","41","0","8","6.7"
"10/19/2025","64.5","74","55","0","0","17.1"
"10/20/2025","51.0","61","41","0.62","16","10.1"
"10/21/2025","48.0","61","35","0","8","7.2"
"10/22/2025","45.0","53","37","0","8","10.3"
"10/23/2025","47.0","52","42","0","2","9.7"
"10/24/2025","46.5","52","41","0.01","12","6.2"
"10/25/2025","44.0","49","39","0.24","18","3.7"
"10/26/2025","39.0","50","28","0.03","15","3.6"
"10/27/2025","35.5","48","23","0","18","3"
"10/28/2025","38.5","54","23","0","15","4.4"
"10/29/2025","39.0","53","25","0","11","4.2"
"10/30/2025","47.0","54","40","1.62","21","5.7"
"10/31/2025","44.0","47","41","0.08","19","13.3"
"11/01/2025","40.5","47","34","0","3","9.7"
"11/02/2025","42.0","54","30","0","12","3.5"
"11/03/2025","48.0","58","38","0.04","4","11.9"
"11/04/2025","46.0","56","36","0.01","1","11.7"
"11/05/2025","45.0","59","31","0.07","10","11.6"
"11/06/2025","34.0","42","26","0.09","14","12"
"11/07/2025","42.0","55","29","0","5","13.3"
"11/08/2025","44.5","50","39","0.01","13","6.8"
"11/09/2025","39.5","43","36","0.15","24","4"
"11/10/2025","30.5","35","26","0.02","20","11.7"
"11/11/2025","29.5","35","24","0","6","14.6"
"11/12/2025","35.5","41","30","0","12","9.4"
"11/13/2025","38.5","42","35","0.06","12","12.1"
"11/14/2025","39.0","45","33","0.04","14","7.9"
"11/15/2025","40.0","51","29","0.49","16","7.5"
"11/16/2025","41.5","53","30","0.27","15","18.1"
"11/17/2025","32.5","35","30","0","5","17.6"
"11/18/2025","33.0","39","27","0","3","8.1"
"11/19/2025","31.5","41","22","0","11","4.6"
"11/20/2025","35.0","47","23","0","10","5.7"
"11/21/2025","42.5","49","36","0","7","6.8"
"11/22/2025","32.5","43","22","0","14","5.2"
"11/23/2025","32.0","42","22","0","14","7.6"
"11/24/2025","39.5","46","33","0","6","8.6"
"11/25/2025","46.0","50","42","0.33","9","11.9"
"11/26/2025","49.0","60","38","0.03","17","9.6"
"11/27/2025","34.5","37","32","0","0","14.6"
"11/28/2025","30.0","33","27","0","6","15.4"
"11/29/2025","30.0","34","26","0","0","9.5"
"11/30/2025","33.5","37","30","0","0","13.4"
"12/01/2025","26.5","34","19","0","4","9.4"
"12/02/2025","27.0","32","22","0.21","20","6.6"
"12/03/2025","23.0","34","12","0.02","11","6"
"12/04/2025","22.0","30","14","0","6","14.2"
"12/05/2025","12.5","24","1","0","8","8.7"
"12/06/2025","27.5","34","21","0","4","7.5"
"12/07/2025","28.0","32","24","0","7","8.9"
"12/08/2025","12.5","23","2","0","3","7"
"12/09/2025","12.0","25","-1","0","10","10.6"
"12/10/2025","31.0","36","26","0.03","14","13"
"12/11/2025","23.5","29","18","0","4","18.5"
"12/12/2025","23.0","31","15","0","0","10.5"
"12/13/2025","27.0","33","21","0.01","9","7.9"
"12/14/2025","18.5","23","14","0","11","15.7"
"12/15/2025","19.5","24","15","0","10","11.4"
"12/16/2025","24.0","29","19","0","0","7.4"
"12/17/2025","35.0","44","26","0","4","10.4"
"12/18/2025","37.0","47","27","0","7","15.3"
"12/19/2025","38.0","52","24","0.48","15","18.4"
"12/20/2025","28.0","33","23","0","0","14.4"
"12/21/2025","29.5","36","23","0","1","14.7"
"12/22/2025","28.0","36","20","0","0","7.9"
"12/23/2025","34.5","38","31","0.17","22","8"
"12/24/2025","30.5","38","23","0","9","12.3"
"12/25/2025","27.0","38","16","0","4","10.5"
"12/26/2025","15.0","23","7","0.02","16","8.3"
"12/27/2025","21.5","24","19","0.01","24","5.8"
"12/28/2025","26.5","34","19","0.53","22","12.9"
"12/29/2025","31.0","43","19","0.04","13","19.3"
"12/30/2025","20.5","23","18","0","6","21"
"12/31/2025","23.0","26","20","0","5","12.7"
"01/01/2026","17.5","24","11","0","1","14.3"
"01/02/2026","18.0","23","13","0","3","10.3"
"01/03/2026","16.0","23","9","0","2","8.8"
"01/04/2026","22.0","27","17","0.01","13","7.2"
"01/05/2026","27.0","32","22","0","3","9.2"
"01/06/2026","34.0","39","29","0.15","11","7.5"
"01/07/2026","35.5","38","33","0.08","24","7"
"01/08/2026","40.5","48","33","0.01","11","4"
"01/09/2026","44.0","49","39","0","3","16.4"
"01/10/2026","37.0","40","34","0.26","10","8"
"01/11/2026","32.5","41","24","0.01","2","14"
"01/12/2026","30.5","36","25","0","0","11.2"
"01/13/2026","37.0","42","32","0","0","10.6"
"01/14/2026","41.5","47","36","0.34","9","6.1"
"01/15/2026","25.0","38","12","0.15","12","13.1"
"01/16/2026","20.0","28","12","0","2","13.4"
"01/17/2026","31.5","37","26","0","3","9"
"01/18/2026","26.0","33","19","0","0","6.2"
"01/19/2026","20.0","26","14","0","0","11.3"
"01/20/2026","11.0","15","7","0","0","10.9"
"01/21/2026","16.5","29","4","0","0","11.9"
"01/22/2026","27.0","34","20","0.01","4","12.6"
"01/23/2026","11.5","21","2","0","3","13.5"
"01/24/2026","3.5","7","0","0","7","7.8"
"01/25/2026","8.5","11","6","0.08","15","5.8"
"01/26/2026","11.5","14","9","0","14","11.9"
"01/27/2026","11.5","16","7","0","0","8.7"
"01/28/2026","12.5","19","6","0","1","7.2"
"01/29/2026","6.0","16","-4","0","4","10.1"
"01/30/2026","5.5","9","2","0","1","15.2"
"01/31/2026","9.0","12","6","0","16","7.6"
"02/01/2026","8.0","11","5","0","16","9.3"
"02/02/2026","12.5","25","0","0","12","7.5"
"02/03/2026","17.0","30","4","0","12","7.6"
"02/04/2026","11.0","22","0","0","7","8.4"
"02/05/2026","12.0","26","-2","0","13","2.3"
"02/06/2026","19.5","27","12","0","16","4.9"
"02/07/2026","10.0","21","-1","0","8","22.7"
"02/08/2026","1.0","5","-3","0","8","12.9"
"02/09/2026","9.5","21","-2","0","10","3.4"
"02/10/2026","26.5","37","16","0.01","0","8.7"
"02/11/2026","29.5","34","25","0.1","11","14.2"
"02/12/2026","22.5","25","20","0.25","17","14.4"
"02/13/2026","17.5","25","10","0.01","10","4.3"
"02/14/2026","27.0","34","20","0","14","3.7"
"02/15/2026","29.0","41","17","0","11","3.8"
"02/16/2026","40.0","47","33","0","11","8.4"
"02/17/2026","38.0","44","32","0","23","4"
"02/18/2026","34.5","37","32","0.33","24","2.7"
"02/19/2026","35.5","39","32","0","24","5.8"
"02/20/2026","36.3","39","33.6","0.31","24","9.5"
"02/21/2026","32.0","34","30","0","22","5.9"
"02/22/2026","33.5","36","31","0.16","24","4.2"
"02/23/2026","25.7","30.4","21","0.17","20","13.3"
"02/24/2026","16.5","21","12","0.02","10","11.3"
"02/25/2026","31.0","41","21","0.05","10","12.3"
"02/26/2026","21.1","29.1","13","0","6","5.8"
"02/27/2026","29.0","44","14","0","8","5.5"
"02/28/2026","38.5","51","26","0","0","10.1"
"03/01/2026","20.5","26","15","0.02","7","9.7"
"03/02/2026","17.0","30","4","0","7","3.4"
"03/03/2026","29.0","35","23","0.31","14","10.2"
"03/04/2026","40.5","49","32","0.01","19","2.9"
"03/05/2026","38.0","43","33","0.55","24","5.4"
"03/06/2026","39.0","42","36","0.05","24","8.9"
"03/07/2026","51.0","62","40","0.17","17","14.1"
"03/08/2026","48.5","57","40","0.03","7","10.1"
"03/09/2026","51.0","69","33","0","0","8.8"
"03/10/2026","55.5","73","38","0","2","6.3"
"03/11/2026","56.5","70","43","0.08","14","9.2"
"03/12/2026","46.5","65","28","0.1","3","16.7"
"03/13/2026","28.5","38","19","0.2","8","10.1"
"03/14/2026","29.5","35","24","0.01","4","15.6"
"03/15/2026","36.0","49","23","0","4","13.5"
"03/16/2026","47.8","66","29.6","0.55","19","15.5"
"03/17/2026","23.0","28","18","0.16","4","16"
"03/18/2026","18.5","31","6","0","3","6.9"
"03/19/2026","36.5","44","29","0.01","0","7.1"
"03/20/2026","36.0","46","26","0.33","19","5.8"
"03/21/2026","33.5","37","30","0","24","6.7"
"03/22/2026","41.5","51","32","0.23","17","10.1"
"03/23/2026","30.0","33","27","0","16","11.1"
"03/24/2026","34.0","43","25","0","10","7.7"
"03/25/2026","37.5","53","22","0","8","7.8"
"03/26/2026","56.5","68","45","0.81","7","9.8"
"03/27/2026","32.0","45","19","0.07","10","11.4"
"03/28/2026","22.5","31","14","0","4","9.3"
"03/29/2026","39.0","53","25","0","0","7.4"
"03/30/2026","56.0","68","44","0","1","9.2"
"03/31/2026","61.5","70","53","1.8","18","6.1"
"04/01/2026","49.0","61","37","0.22","24","6.4"
"04/02/2026","41.0","47","35","0.34","24","7.8"
"04/03/2026","57.5","72","43","0.04","18","13.8"
"04/04/2026","53.0","69","37","0","5","9"
"04/05/2026","46.0","58","34","0.68","13","14.5"
"04/06/2026","36.0","43","29","0.02","4","11.2"
"04/07/2026","27.5","34","21","0.07","9","12.4"
"04/08/2026","34.0","53","15","0","9","5.9"
"04/09/2026","51.0","65","37","0","0","15.5"
"04/10/2026","57.0","73","41","0.15","5","10.7"
"04/11/2026","39.5","49","30","0.07","12","9.8"
"04/12/2026","45.5","63","28","0","7","10.3"
"04/13/2026","65.5","77","54","0","0","12.6"
"04/14/2026","66.5","80","53","0.01","10","8.8"
"04/15/2026","63.0","79","47","0.42","14","7.5"
"04/16/2026","68.5","83","54","0.09","13","8.2"
"04/17/2026","53.0","62","44","0.03","21","6.1"
"04/18/2026","59.5","77","42","0.45","11","11.5"
"04/19/2026","44.5","58","31","0.71","22","8.3"
"04/20/2026","30.5","36","25","0.08","12","8.8"
"04/21/2026","37.0","53","21","0","8","7.4"
"04/22/2026","57.5","70","45","0","1","9.2"
"04/23/2026","50.0","63","37","0","9","4.4"
"04/24/2026","49.0","57","41","0","3","7.1"
"04/25/2026","44.5","49","40","0.49","15","7.6"
"04/26/2026","47.0","58","36","0.01","13","6"
"04/27/2026","52.5","72","33","0","8","4.6"
"04/28/2026","56.0","61","51","0","2","14.5"
"04/29/2026","53.0","56","50","0.7","17","8.7"
"04/30/2026","45.0","49","41","0.06","15","9.5"
"05/01/2026","43.0","54","32","0","9","2.7"